"","time","prey","predators"
"1",1,100,10
"2",2,110.217082998276,10.5662064666562
"3",3,120.705070729392,11.2809033610227
"4",4,131.137877836539,12.1709714215425
"5",5,141.068735857542,13.2662124330498
"6",6,149.925581672054,14.5972582091443
"7",7,157.028046441929,16.1915091919704
"8",8,161.640051380143,18.0664903255534
"9",9,163.067066320654,20.2206269997634
"10",10,160.794652580103,22.6227607904408
"11",11,154.640682792618,25.2037887174166
"12",12,144.866476742054,27.8553860164414
"13",13,132.18714387782,30.4399223630435
"14",14,117.651523747363,32.8115256993743
"15",15,102.425066527706,34.8421643808109
"16",16,87.5599410943029,36.443138963862
"17",17,73.8354600704707,37.5747460742122
"18",18,61.7056734259959,38.2429549249446
"19",19,51.3360054794238,38.4874774745559
"20",20,42.6847176149798,38.3673052615642
"21",21,35.5891764712519,37.9481796670276
"22",22,29.8343474909687,37.2939421695119
"23",23,25.1977863759802,36.4617074294634
"24",24,21.4743382951019,35.4999165636631
"25",25,18.486823228686,34.4481788973385
"26",26,16.0882662780287,33.3380678516842
"27",27,14.1598355208747,32.1942884135289
"28",28,12.6070123651448,31.0358986218164
"29",29,11.3553799441553,29.8774285507
"30",30,10.3467062303831,28.7298359185899
"31",31,9.53559152753146,27.6012886721966
"32",32,8.8867259909188,26.4977906718498
"33",33,8.37270653818465,25.4236746780881
"34",34,7.97232994719141,24.3819868571143
"35",35,7.66927597263147,23.3747852214667
"36",36,7.45109911262708,22.4033709919912
"37",37,7.3084626561827,21.4684677741726
"38",38,7.23456014349583,20.5703608606195
"39",39,7.22468282088144,19.7090057292456
"40",40,7.27590336652704,18.8841123887747
"41",41,7.38684805157515,18.0952119791109
"42",42,7.5575400997241,17.3417094484468
"43",43,7.7893017168615,16.6229254480517
"44",44,8.08470459827836,15.9381300268879
"45",45,8.44756165402847,15.2865701187095
"46",46,8.88295512325662,14.6674923481297
"47",47,9.39729772796725,14.0801623809444
"48",48,9.99842467277963,13.5238818204565
"49",49,10.6957151010985,12.9980034936871
"50",50,11.5002420717155,12.5019458617594
"51",51,12.4249502288588,12.0352072261461
"52",52,13.484860055119,11.5973803794673
"53",53,14.6972968175602,11.1881683647973
"54",54,16.0821409994073,10.8074020612619
"55",55,17.6620947405942,10.4550603991922
"56",56,19.4629555859933,10.1312941698485
"57",57,21.513884071841,9.83645459673358
"58",58,23.8476450580898,9.5711280776377
"59",59,26.5007933443934,9.33617889964092
"60",60,29.513761331022,9.13280218464824
"61",61,32.930789142762,8.96258992230301
"62",62,36.7996143609493,8.82761369944506
"63",63,41.1708077642345,8.73052865677918
"64",64,46.0966015603317,8.67470428771906
"65",65,51.6290060028173,8.66438888538654
"66",66,57.8169484037209,8.70491558026398
"67",67,64.7021026325389,8.80295851366362
"68",68,72.3129717996835,8.96684795862171
"69",69,80.6567916456949,9.20694827990348
"70",70,89.7087314385121,9.53609713555981
"71",71,99.3980064003484,9.97008361168771
"72",72,109.590809316432,10.528111127352
"73",73,120.070675331599,11.2331272440627
"74",74,130.518217621003,12.1118041628168
"75",75,140.494332983616,13.1938081254848
"76",76,149.434275312571,14.5098086611733
"77",77,156.663109489415,16.0875631517813
"78",78,161.445804338733,17.9454343023216
"79",79,163.081750761373,20.0832915983281
"80",80,161.041363698434,22.4720328581769
"81",81,155.118689603947,25.0449679646776
"82",82,145.546767799838,27.695984242562
"83",83,133.015404422092,30.2887219174412
"84",84,118.558691007746,32.6770887376623
"85",85,103.341915544595,34.7312687624895
"86",86,88.4296262930635,36.3597698664355
"87",87,74.6202983936137,37.5199012286604
"88",88,62.3872661764052,38.2151685287493
"89",89,51.9111651195373,38.4836710267084
"90",90,43.1601435146382,38.3836330996487
"91",91,35.9766874679423,37.9806711285953
"92",92,30.1474317273142,37.3389102384811
"93",93,25.4495357561289,36.5159458381919
"94",94,21.6763560842722,35.5607620491964
"95",95,18.6489375532626,34.5134794002311
"96",96,16.2185018743444,33.4061275989741
"97",97,14.2646281388603,32.2637892750562
"98",98,12.6914516536085,31.1058301176409
"99",99,11.4234642402545,29.9470237777061
"100",100,10.4015541752595,28.7985192404893
"101",101,9.57962069028244,27.6686364110747
"102",102,8.92182506183098,26.5634918949861
"103",103,8.40033576784442,25.4875084153799
"104",104,7.99361744688564,24.4438001761521
"105",105,7.68508642161717,23.4344776800547
"106",106,7.46208682376128,22.4608823444966
"107",107,7.31510984079282,21.5237688391368
"108",108,7.23721525543297,20.62344426067
"109",109,7.22357777823711,19.7598815277803
"110",110,7.2711695048467,18.9328035283534
"111",111,7.37852785493006,18.1417506369648
"112",112,7.54559506567236,17.3861341756707
"113",113,7.77361683282956,16.665278871855
"114",114,8.0650902485093,15.9784569814203
"115",115,8.42375293973553,15.324916165713
"116",116,8.85460925198644,14.7039024970899
"117",117,9.36398943311837,14.1146800050633
"118",118,9.95963983061768,13.5565476895871
"119",119,10.6508426007319,13.028854884655
"120",120,11.4485639872969,12.5310157018269
"121",121,12.3656303486484,12.0625232306145
"122",122,13.416930849895,11.6229641441998
"123",123,14.619645008828,11.2120343719713
"124",124,15.9934919474718,10.8295565512264
"125",125,17.5609960671122,10.4755000616766
"126",126,19.3477606652675,10.1500046000921
"127",127,21.3827361321798,9.85340843057253
"128",128,23.6984640007307,9.58628270604627
"129",129,26.3312666718501,9.34947357411766
"130",130,29.3213424860493,9.14415449245614
"131",131,32.7127074048249,8.97189139528018
"132",132,36.5529020108075,8.83472428009711
"133",133,40.8923524047551,8.73526973623249
"134",134,45.7832341533044,8.67684994356317
"135",135,51.2776385613257,8.66365487345267
"136",136,57.4247793355038,8.70094557098438
"137",137,64.2669066368116,8.79530715381788
"138",138,71.8335206506101,8.95495980980007
"139",139,80.1334133324869,9.19013323583062
"140",140,89.1440468340732,9.5135021346728
"141",141,98.7978607967475,9.94066328178836
"142",142,108.965393673655,10.4906014106804
"143",143,119.435772798234,11.1860318008056
"144",144,129.896399283538,12.0534111548597
"145",145,139.91569585309,13.1222753288987
"146",146,148.936409008705,14.4233092726431
"147",147,156.289047381583,15.9846199258955
"148",148,161.240171956981,17.8253583895732
"149",149,163.083515026502,19.9468083515192
"150",150,161.274758150199,22.3219089449203
"151",151,155.584246727271,24.8863933203326
"152",152,146.216849816671,27.536374251991
"153",153,133.836859079909,30.1368181156859
"154",154,119.46311439873,32.5414788169665
"155",155,104.260001331433,34.618837148333
"156",156,89.3037337196225,36.2746825622356
"157",157,75.4114221142468,37.4633539101942
"158",158,63.0757106071931,38.1858419446274
"159",159,52.4928794462426,38.4785648828789
"160",160,43.6414086152168,38.3989159002348
"161",161,36.3691382689605,38.0123633206948
"162",162,30.4645716039996,37.3832917618569
"163",163,25.7045020987742,36.5697778963676
"164",164,21.8809350678238,35.6213391116148
"165",165,18.8130630911739,34.5786228226761
"166",166,16.3503232219403,33.4741137949083
"167",167,14.3706700085826,32.3332803127094
"168",168,12.7768766409017,31.1757988183092
"169",169,11.4923186610781,30.0166909903691
"170",170,10.4570005449662,28.8673019286677
"171",171,9.62413059001185,27.7361000251791
"172",172,8.95730786991626,26.6293215661998
"173",173,8.42827448477197,25.5514784328553
"174",174,8.01515649545024,24.5057544300634
"175",175,7.70110412602193,23.4943131380872
"176",176,7.47324998978357,22.5185364739304
"177",177,7.32191667313493,21.5792095489238
"178",178,7.24001818316777,20.6766641764047
"179",179,7.22261226885625,19.8108905449834
"180",180,7.26656994481679,18.9816245216153
"181",181,7.37033958333336,18.1884157609697
"182",182,7.53378443931096,17.4306815662399
"183",183,7.75807331947005,16.7077509562493
"184",184,8.04562806930791,16.018898595254
"185",185,8.4001111446656,15.3633729289093
"186",186,8.82644917524923,14.7404195420101
"187",187,9.33089022640728,14.1493008721488
"188",188,9.92109218022215,13.5893133598654
"189",189,10.606240691571,13.0598028864884
"190",190,11.397195769014,12.5601792538401
"191",191,12.306666155485,12.0899303808124
"192",192,13.3494104551696,11.6486368661332
"193",193,14.5424632544043,11.2359875770592
"194",194,15.905383189475,10.8517969720979
"195",195,17.4605178366401,10.4960249559761
"196",196,19.2332771750845,10.1688002026588
"197",197,21.2524028417176,9.87044807641759
"198",198,23.5502139740179,9.60152454423631
"199",199,26.1628014837805,9.36285782142795
"200",200,29.1301302885189,9.15559994610251
"201",201,32.4959922882552,8.98129105981796
"202",202,36.3077304022542,8.84193990436655
"203",203,40.615624224354,8.74012494521961
"204",204,45.4717891303409,8.67912159843236
"205",205,50.9283914284668,8.66306222176246
"206",206,57.0349216095278,8.69713668765304
"207",207,63.8341974963124,8.78784214625044
"208",208,71.3566980541103,8.94329029380562
"209",209,79.6127351989814,9.17357827674429
"210",210,88.582014741526,9.49122061469679
"211",211,98.2001324194899,9.91162520787896
"212",212,108.341877729129,10.4535622095713
"213",213,118.801838444685,11.1395193203765
"214",214,129.274044047423,11.9957401085537
"215",215,139.334461704435,13.0516030343502
"216",216,148.433173264977,14.3378218928466
"217",217,155.906697953926,15.8827923200447
"218",218,161.023148295198,17.7064462473262
"219",219,163.071219988353,19.8114315120366
"220",220,161.492576947332,22.1726702400805
"221",221,156.034691335063,24.7282916339907
"222",222,146.874556637317,27.3766723066534
"223",223,134.650077351692,29.9842213428633
"224",224,120.363959129428,32.4046523418135
"225",225,105.178562047571,34.504846818566
"226",226,90.1811865901355,36.1878841769446
"227",227,76.2075420631955,37.4051041771977
"228",228,63.7698192753745,38.1549350702951
"229",229,53.0802593049067,38.4720617270821
"230",230,44.1279042131949,38.4130150622406
"231",231,36.7662471392419,38.0430748056777
"232",232,30.7857196326382,37.4268841861878
"233",233,25.962878201451,36.6229878091053
"234",234,22.0883415403659,35.6814420367346
"235",235,18.9795214591042,34.6434136082313
"236",236,16.4840524253499,33.5418478654616
"237",237,14.4782733386615,32.4025995676372
"238",238,12.8635816805826,31.2456608499123
"239",239,11.5622321720621,30.0863044579082
"240",240,10.5133349011263,28.9360705896656
"241",241,9.66938766566299,27.8035809095881
"242",242,8.99342816538625,26.6951923222047
"243",243,8.45676262331802,25.6155082871889
"244",244,8.03717761724839,24.5677826310513
"245",245,7.717552796364,23.5542331333077
"246",246,7.48480558687182,22.5762830955024
"247",247,7.32908450899382,21.6347493203435
"248",248,7.24315965624745,20.7299878868747
"249",249,7.22197069967638,19.8620066423016
"250",250,7.26229025033627,19.0305540571036
"251",251,7.36247635320172,18.2351896273196
"252",252,7.52230798415894,17.4753378471216
"253",253,7.74287744391803,16.7503319371521
"254",254,8.02653228719387,16.0594489205941
"255",255,8.37685998648547,15.4019381150038
"256",256,8.79870974631391,14.7770446973581
"257",257,9.29824786687071,14.184029595183
"258",258,9.88304429818936,13.6221867594728
"259",259,10.5621888446125,13.090858686451
"260",260,11.3464360456064,12.5894509350739
"261",261,12.2483779063087,12.1174463224045
"262",262,13.2826434525677,11.6744194460829
"263",263,14.466123415078,11.2600521920443
"264",264,15.8182170932014,10.8741509315118
"265",265,17.3610964253801,10.5166661988004
"266",266,19.119979240439,10.1877157759575
"267",267,21.1233992293575,9.88761230072445
"268",268,23.4034535652939,9.61689679602735
"269",269,25.9960013990094,9.37637979714647
"270",270,28.940773387102,9.16719218205321
"271",271,32.2813354713196,8.99084861111707
"272",272,36.064829207851,8.84932698465524
"273",273,40.3413815226491,8.74516817131221
"274",274,45.1630381112873,8.68160147407584
"275",275,50.5820263246682,8.6627024325304
"276",276,56.6480936192203,8.69359070516247
"277",277,63.4045975145941,8.78067661425377
"278",278,70.8829480314322,8.93196477369997
"279",279,79.0949374753087,9.15742078487928
"280",280,88.022464557394,9.46939994517841
"281",281,97.6042264837304,9.88312123405756
"282",282,107.719212863468,10.4171389940198
"283",283,118.167448240497,11.0937091279225
"284",284,128.649620849764,11.9388545092923
"285",285,138.749122954538,12.9818119653238
"286",286,147.923588439368,14.253288717506
"287",287,155.515500272924,15.7819684014654
"288",288,160.794973667595,17.5885220724303
"289",289,163.046188687892,19.6769243127348
"290",290,161.697213337318,22.0240665913503
"291",291,156.472839673659,24.5704783620123
"292",292,147.521863134789,27.216839873658
"293",293,135.456167071563,29.831019390014
"294",294,121.261402416869,32.2667839807667
"295",295,106.097388033588,34.3894661601613
"296",296,91.0620070146465,36.0994895871237
"297",297,77.0089975320992,37.3452249830943
"298",298,64.4701646988552,38.1225042590768
"299",299,53.6738402438185,38.4642368459884
"300",300,44.6200845631764,38.4260268649364
"301",301,37.1682317488255,38.0729386114758
"302",302,31.1108923853682,37.4698429732005
"303",303,26.2244921646484,36.6757433555338
"304",304,22.2983168415496,35.7412347320999
"305",305,19.1479990369322,34.708007321873
"306",306,16.6193674685265,33.6094713376939
"307",307,14.5871202838566,32.4718740791961
"308",308,12.9512664276623,31.3155267343933
"309",309,11.6329235125551,30.1559564675527
"310",310,10.5702883488388,29.0049035557311
"311",311,9.71513355631592,27.8711469103464
"312",312,9.02994041537103,26.7611619684019
"313",313,8.48557234483304,25.6796457293857
"314",314,8.05946683266845,24.6299238709574
"315",315,7.73422929919277,23.6142691408433
"316",316,7.49655813861352,22.6341471215489
"317",317,7.33642421085687,21.6904070478036
"318",318,7.24645807599217,20.783428243112
"319",319,7.22148046639557,19.913236763571
"320",320,7.25815807647734,19.0795952812063
"321",321,7.35475909503161,18.2820728619589
"322",322,7.51098092601393,17.520100738546
"323",323,7.7278388723715,16.7930165559437
"324",324,8.00760581035097,16.1000998344513
"325",325,8.35379425303635,15.4406008636568
"326",326,8.7711761846302,14.81376447276
"327",327,9.26583644870549,14.2188501307804
"328",328,9.84525747318849,13.6551493471056
"329",329,10.5184337246222,13.1220012771134
"330",330,11.2960148833955,12.6188072804838
"331",331,12.1904769226723,12.1450451173906
"332",332,13.2163200868919,11.7002834329428
"333",333,14.390292130284,11.2841971862918
"334",334,15.731633961215,10.8965847245944
"335",335,17.2623428671525,10.5373872868183
"336",336,19.0074455134423,10.2067118538473
"337",337,20.9952682881157,9.90485847508221
"338",338,23.257687646973,9.63235336106153
"339",339,25.8303322277485,9.38998942130041
"340",340,28.7526987938058,9.17887656513175
"341",341,32.0681268825132,9.00050430382663
"342",342,35.8235554665673,8.85682006157167
"343",343,40.0689562766739,8.75032754473209
"344",344,44.8563007983893,8.68421049397279
"345",345,50.2378700723016,8.66248833251482
"346",346,56.2636572418456,8.69021139712903
"347",347,62.9775432419825,8.77370430467291
"348",348,70.411851063965,8.92086593173061
"349",349,78.5798167615734,9.14153223897056
"350",350,87.4654839358421,9.44790150204927
"351",351,97.0105871005692,9.85500650714884
"352",352,107.098234064877,10.3811885751945
"353",353,117.533783414204,11.0484744975215
"354",354,128.024461859407,11.8826678699041
"355",355,138.161067435812,12.9128514479916
"356",356,147.408839325101,14.1697098372702
"357",357,155.116287080343,15.6821999234557
"358",358,160.555951803388,17.4716922523004
"359",359,163.007897138954,19.5434528704821
"360",360,161.887192288721,21.8762999446291
"361",361,156.896627775796,24.4131354947086
"362",362,148.157256501329,27.0569527285211
"363",363,136.254298753105,29.6771674243925
"364",364,122.15570846905,32.1277085208561
"365",365,107.01743382919,34.2724979145331
"366",366,91.9471126564593,36.0093406054053
"367",367,77.8165957304717,37.2836025371482
"368",368,65.1773483565467,38.0884772944971
"369",369,54.2742353614702,38.4550330716737
"370",370,45.1184516162107,38.43791737634
"371",371,37.5755288666803,38.101936198407
"372",372,31.4404578582848,37.5121647204301
"373",373,26.4896522593301,36.7280544407394
"374",374,22.5111096599464,35.8007382179444
"375",375,19.3187031619216,34.7724323323218
"376",376,16.7564352060124,33.6770188945072
"377",377,14.6973491769201,32.5411425202348
"378",378,13.0400447340225,31.3854384290302
"379",379,11.7044812722504,30.2256914300554
"380",380,10.6279303420593,29.073847122958
"381",381,9.76143995812247,27.938841542376
"382",382,9.06691367418401,26.8272731251612
"383",383,8.51476535648922,25.7439331175975
"384",384,8.08207856459491,24.692220247987
"385",385,7.75118099366068,23.6744630231713
"386",386,7.50855068792158,22.6921695631093
"387",387,7.34398300174797,21.7462211703373
"388",388,7.24996083842023,20.8370224663686
"389",389,7.22118200568869,19.9646183050733
"390",390,7.25420983369616,19.1287849733887
"391",391,7.34722156093707,18.3291014408613
"392",392,7.49983474528552,17.5650053248818
"393",393,7.71298720426385,16.8358389473685
"394",394,7.98887643116754,16.1408845475889
"395",395,8.33094003690928,15.4793934555113
"396",396,8.74387293565173,14.8506102282664
"397",397,9.23367877124775,14.2537929308361
"398",398,9.80775281560791,13.688230682529
"399",399,10.4749946590602,13.1532593450461
"400",400,11.2459496799601,12.6482761242356
"401",401,12.1329784675096,12.172753769546
"402",402,13.1504532176886,11.7262550226572
"403",403,14.3149795160703,11.3084479704119
"404",404,15.6456407458063,10.9191229984334
"405",405,17.1642604400986,10.5582121240716
"406",406,18.8956749865258,10.2258116157416
"407",407,20.8680048448404,9.92220898886394
"408",408,23.1129064011108,9.64791571833602
"409",409,25.6657781404406,9.40370733926582
"410",410,28.5658831833509,9.19067304084001
"411",411,31.8563343806337,9.01027741502613
"412",412,35.5838668326904,8.86443772559821
"413",413,39.7982943824532,8.75562093254761
"414",414,44.5515096506813,8.68696574499818
"415",415,49.8958399328565,8.66243614537916
"416",416,55.8815127852828,8.68701400659514
"417",417,62.5529161142494,8.76693932380817
"418",418,69.943268353311,8.91000650759703
"419",419,78.0672133095277,9.12592371955536
"420",420,86.9108924884402,9.42673431338264
"421",421,96.4190150778755,9.8272875167625
"422",422,106.478727215829,10.3457143204752
"423",423,116.900621259232,11.0038150487772
"424",424,127.398344125125,11.8271755316202
"425",425,137.570172297407,12.8446983446622
"426",426,146.888765077722,14.0870630099392
"427",427,154.708960572011,15.5834585722078
"428",428,160.306011150647,17.3559255086911
"429",429,162.956229115416,19.4109861120877
"430",430,162.06240103774,21.729339909009
"431",431,157.305900988035,24.2562315920211
"432",432,148.78040425241,26.8969950983042
"433",433,137.043747075172,29.5226993629774
"434",434,123.045587142539,31.9875134229615
"435",435,107.937196938939,34.1540231027712
"436",436,92.8351210901539,35.9174884693752
"437",437,78.6290857110189,37.2202498588484
"438",438,65.8902776000619,38.0528282225081
"439",439,54.8804155044396,38.4443912166423
"440",440,45.6221989382949,38.4485855068366
"441",441,37.9876226406886,38.1299208961687
"442",442,31.7741764367639,37.5536678031734
"443",443,26.7583247204413,36.7797207130441
"444",444,22.7268406772104,35.8597453115426
"445",445,19.4918347310622,34.836487228838
"446",446,16.895498613837,33.7442999300399
"447",447,14.8092169600106,32.6102283033617
"448",448,13.1301694677262,31.4552349569151
"449",449,11.777150189388,30.2953672192787
"450",450,10.686495451931,29.142774925934
"451",451,9.80851589324784,28.0065545554795
"452",452,9.10453388830841,26.8934289468289
"453",453,8.54450824760677,25.8082853635427
"454",454,8.1051653392315,24.7545965314624
"455",455,7.76855085645052,23.7347478380202
"456",456,7.52091854105976,22.7502909592892
"457",457,7.35188329237877,21.8021404320978
"458",458,7.25378049169219,20.8907261142858
"459",459,7.22118552051959,20.0161117513035
"460",460,7.25055805236073,19.1780875057852
"461",461,7.33998418212493,18.3762425000055
"462",462,7.48899616213461,17.6100220191323
"463",463,7.69845471666285,16.8787729453294
"464",464,7.97048291038431,16.1817801776114
"465",465,8.30844360843517,15.518296175674
"466",466,8.71695489804529,14.8875653031365
"467",467,9.20193960324244,14.2888443006066
"468",468,9.77070632917534,13.7214199650041
"469",469,10.4320603954317,13.1846249288585
"470",470,11.1964435963336,12.6778523076382
"471",471,12.0761019641538,12.2005699048338
"472",472,13.0852805768528,11.7523346273964
"473",473,14.2404438747215,11.3328077652329
"474",474,15.560518813956,10.941771827574
"475",475,17.0671563170838,10.5791497086644
"476",476,18.7850036365804,10.2450270806638
"477",477,20.741976094202,9.93967909120128
"478",478,22.9695107432733,9.6636026883306
"479",479,25.5027762255254,9.41755622199093
"480",480,28.3808016756989,9.20260839750581
"481",481,31.6464719636814,9.02019920536693
"482",482,35.3463156053911,8.8722161458694
"483",483,39.5299838238717,8.76108992642817
"484",484,44.2492828313599,8.68991483778819
"485",485,49.5565748101935,8.66260017931415
"486",486,55.5023081127009,8.68406021239267
"487",487,62.1313549124976,8.76045148144285
"488",488,69.4777844202607,8.89946545126492
"489",489,77.5576126000135,9.11068374245116
"490",490,86.3590311856669,9.4059962096968
"491",491,95.8296684179572,9.80006931613042
"492",492,105.860646518676,10.3108240311905
"493",493,116.267738463569,10.9598325359593
"494",494,126.770990237866,11.772458181045
"495",495,136.976033677104,12.7774337437555
"496",496,146.363124586351,14.0054024196021
"497",497,154.293456129473,15.4857778564945
"498",498,160.045254998581,17.2412412771109
"499",499,162.891618971713,19.2795304871253
"500",500,162.223584017946,21.5831905237266
"501",501,157.70169071835,24.0997914213633
"502",502,149.391757099853,26.7370646750878
"503",503,137.824725594662,29.3677352909269
"504",504,123.931085895021,31.8463165272752
"505",505,108.856599753426,34.0341522621163
"506",506,93.7261473355207,35.8240011723717
"507",507,79.4467687169282,37.1552106111612
"508",508,66.6094525388557,38.0155845412329
"509",509,55.4928863482625,38.4323566914409
"510",510,46.1317650812522,38.4580938910301
"511",511,38.4047488327829,38.1569871957619
"512",512,32.1120783313062,37.5944713587817
"513",513,27.0303784104603,36.8308754080572
"514",514,22.9452441436828,35.9183953713458
"515",515,19.6670620526835,34.9003050043218
"516",516,17.0361972518633,33.8114362114046
"517",517,14.9223594972169,32.6792392552254
"518",518,13.2212956184895,31.5250083243169
"519",519,11.8506120073178,30.3650568567071
"520",520,10.7456966807472,29.2117434949207
"521",521,9.85610869963852,28.0743276230199
"522",522,9.14258132121754,26.9596584158003
"523",523,8.57461086808821,25.8727208062258
"524",524,8.12855979963399,24.817062849528
"525",525,7.78618917667654,23.795127174032
"526",526,7.53352558530005,22.808509657463
"527",527,7.3600016896885,21.8581584537951
"528",528,7.25780411824756,20.9445289483968
"529",529,7.22138462195737,20.0677040818242
"530",530,7.24709763584181,19.2274882564094
"531",531,7.33293717301415,18.423480945329
"532",532,7.47835235325464,17.6551347051681
"533",533,7.68412630125076,16.9218012344618
"534",534,7.95230716370547,16.2227682699017
"535",535,8.28618312583238,15.5572894927269
"536",536,8.69029567312176,14.9246091443622
"537",537,9.1704871380007,14.32398269983
"538",538,9.7339799007068,13.754694688435
"539",539,10.3894855581686,13.2160745647085
"540",540,11.147342973542,12.7075114038185
"541",541,12.0196843780457,12.2284681146679
"542",542,13.0206285863677,11.7784958244241
"543",543,14.1664998334448,11.3572490866164
"544",544,15.4760696810014,10.9645026066484
"545",545,16.9708174548337,10.6001702532521
"546",546,18.6752024903501,10.2643272170353
"547",547,20.6169357819936,9.95723638934109
"548",548,22.8272356801804,9.67938033046346
"549",549,25.3410413812691,9.43150038766967
"550",550,28.1971478742258,9.21464500909198
"551",551,31.4382110316089,9.03022986666193
"552",552,35.1105505049805,8.88011305148346
"553",553,39.2636508007758,8.76668946228788
"554",554,43.9492250780866,8.69300952690302
"555",555,49.2196602662689,8.66292855366043
"556",556,55.1256049664704,8.68129419859501
"557",557,61.7123937102037,8.75418049023607
"558",558,69.014926503456,8.88917701780471
"559",559,77.050552397453,9.09574016470468
"560",560,85.8094648488262,9.38560762960871
"561",561,95.2421533764253,9.7732643668765
"562",562,105.243657621803,10.2764216391162
"563",563,115.634879756283,10.9164222664388
"564",564,126.142239578059,11.7184028901149
"565",565,136.378734800873,12.7109202103531
"566",566,145.832115292265,13.9245869843468
"567",567,153.870235087391,15.3890031333851
"568",568,159.774365343739,17.1274773877526
"569",569,162.815092441673,19.1489103481784
"570",570,162.372021159837,21.4376797968734
"571",571,158.084928690018,23.9436923523921
"572",572,149.99251528529,26.5770483879029
"573",573,138.598438568648,29.2121917849919
"574",574,124.81323125953,31.70408578184
"575",575,109.776428653498,33.9128987728981
"576",576,94.6207195604761,35.7289235484207
"577",577,80.2700148975552,37.088544314946
"578",578,67.3351594513638,37.976816554358
"579",579,56.1120500764073,38.4189855836351
"580",580,46.6475171884944,38.4665124701556
"581",581,38.827255614444,38.1832135900186
"582",582,32.4544560990067,37.6346633103407
"583",583,27.3060480320534,36.8816121982263
"584",584,23.1665873783785,35.9767749582298
"585",585,19.8446268126338,34.9639754929249
"586",586,17.1787445321022,33.8785209262447
"587",587,15.0369645078334,32.748270890111
"588",588,13.3135752728288,31.5948568678535
"589",589,11.9249915800841,30.4348605727284
"590",590,10.8056329020121,29.2808535928398
"591",591,9.90429540514776,28.1422613605472
"592",592,9.18111243111377,27.0260616227757
"593",593,8.60511135569979,25.937338187518
"594",594,8.15228622751683,24.8797154230427
"595",595,7.80410071139214,23.8556960591588
"596",596,7.54636324866589,22.8669178033968
"597",597,7.36831951817581,21.9143638963279
"598",598,7.26200424698388,20.9985159603999
"599",599,7.22174387552863,20.1194764574163
"600",600,7.24378668755266,19.2770643203843
"601",601,7.32603416531542,18.4708894911352
"602",602,7.46785151418239,17.700412042541
"603",603,7.66994384091694,16.9649886226922
"604",604,7.93428405267574,16.263909933096
"605",605,8.26408574218365,15.5964309254993
"606",606,8.66381392107717,14.9617957765021
"607",607,9.13923062345892,14.3592587462675
"608",608,9.69747229563588,13.7881021421658
"609",609,10.3471571931406,13.2476522813843
"610",610,11.0985217165519,12.7372942372931
"611",611,11.9635848486198,12.2564860628719
"612",612,12.9563397714963,11.8047731462939
"613",613,14.0929712263196,11.3818033507518
"614",614,15.3920961142324,10.9873436243235
"615",615,16.8750230700604,10.6212988404842
"616",616,18.5660240294033,10.2837337493725
"617",617,20.4926068351517,9.9748990924072
"618",618,22.6857722548368,9.69526316951493
"619",619,25.1802308262579,9.4455504638874
"620",620,28.0145439573042,9.22678934245104
"621",621,31.2311387026493,9.040371382987
"622",622,34.8761254055165,8.88812555447269
"623",623,38.9988204585203,8.77241131598343
"624",624,43.6508411467813,8.69623570831089
"625",625,48.8845942418094,8.66340066412457
"626",626,54.7509235499589,8.67868795544882
"627",627,61.295614288119,8.74809018042701
"628",628,68.5543776572763,8.87909642920505
"629",629,76.5458679309469,9.08103970726956
"630",630,85.2622404500569,9.36550787687433
"631",631,94.6567888191616,9.74680735862374
"632",632,104.628388605764,10.2424433426175
"633",633,115.002965185267,10.8735329187539
"634",634,125.513168308654,11.6649897450545
"635",635,135.779231123062,12.6451915244016
"636",636,145.29664453328,13.8446777660775
"637",637,153.439730178245,15.2932515953957
"638",638,159.493344466582,17.0147955744234
"639",639,162.725705332779,19.0193554831497
"640",640,162.505753946537,21.2930795740419
"641",641,158.453309801517,23.7881692967475
"642",642,150.58039818325,26.4171014264739
"643",643,139.362644504568,29.0561611929724
"644",644,125.690259032733,31.5608187860521
"645",645,110.695541036951,33.7901759562569
"646",646,95.5180175043714,35.6321441851856
"647",647,81.0983039667227,37.020116260413
"648",648,68.0669493743797,37.9363845552178
"649",649,56.737406890541,38.4041423242085
"650",650,47.1690533228814,38.4736829637557
"651",651,39.2548526765957,38.2084252319303
"652",652,32.8011611507823,37.6740542997988
"653",653,27.5853463024805,36.9317306818245
"654",654,23.3908056016423,36.0347073931257
"655",655,20.0245045195009,35.0273256912151
"656",656,17.3231467324484,33.9453853515068
"657",657,15.1530553824821,32.8171612398625
"658",658,13.4070501341437,31.6646252448857
"659",659,12.0003315912449,30.5046319886046
"660",660,10.8663509432311,29.3499668632223
"661",661,9.95312441052786,28.2102257999357
"662",662,9.22017474942751,27.092516804126
"663",663,8.63605725185904,26.0020231897311
"664",664,8.17639289537457,24.9424467934674
"665",665,7.82235855147964,23.9163483846147
"666",666,7.5595173075772,22.9254142023509
"667",667,7.37692812017681,21.9706617295937
"668",668,7.26647535245607,21.0525984281959
"669",669,7.2223627461835,20.1713459485072
"670",670,7.24073043859871,19.326738246027
"671",671,7.31938572574856,18.5183961830666
"672",672,7.45761003606837,17.7457873577017
"673",673,7.6560304161904,17.0082734962539
"674",674,7.91654485642621,16.3051483050352
"675",675,8.24229221024537,15.6356681656441
"676",676,8.63766115333538,14.9990772841016
"677",677,9.10833375919709,14.3946287830428
"678",678,9.66136099075939,13.8216028134715
"679",679,10.3052683294673,13.2793226172956
"680",680,11.0501903921554,12.7671693263394
"681",681,11.9080336991139,12.2845961983047
"682",682,12.8926666883401,11.8311429462892
"683",683,14.0201355820838,11.4064508125156
"684",684,15.3089036873425,11.0102790691518
"685",685,16.7801099916868,10.6425237010806
"686",686,18.4578402702796,10.3032391421311
"687",687,20.3693998209585,9.99266412641563
"688",688,22.5455722847278,9.71125287992595
"689",689,25.0208396584805,9.45971320936688
"690",690,27.8335291613043,9.23905362081884
"691",691,31.025837398802,9.05064189206464
"692",692,34.6436622667637,8.89627824036747
"693",693,38.7361467664808,8.77828714403104
"694",694,43.3548040849367,8.69963282279918
"695",695,48.5520486502769,8.66406452590301
"696",696,54.378902110669,8.6762989751302
"697",697,60.8815764757941,8.74224831649399
"698",698,68.0965624259719,8.86930223788567
"699",699,76.0437791060034,9.06667149775526
"700",700,84.7172952455834,9.34579509340076
"701",701,94.0731551362912,9.72080134444282
"702",702,104.014018390749,10.2089887413174
"703",703,114.370785224014,10.8312470472593
"704",704,124.882331627486,11.6122615823239
"705",705,135.176072194331,12.5802366409389
"706",706,144.755146946121,13.765635715099
"707",707,153.000654330335,15.1984274949096
"708",708,159.201294157495,16.9030462451711
"709",709,162.623336408401,18.8906430691053
"710",710,162.62562597121,21.1491117735319
"711",711,158.808402646101,23.6329374140822
"712",712,151.156854922519,26.2570158110077
"713",713,140.119008585872,28.899460889986
"714",714,126.563766124019,31.4163840675449
"715",715,111.615338306849,33.6659107871869
"716",716,96.4194062376289,35.5336131563916
"717",717,81.9327394038663,36.9499271162221
"718",718,68.8058207681948,37.894316726077
"719",719,57.3698767069429,38.3878786786321
"720",720,47.697154531111,38.4796905372007
"721",721,39.6882079377572,38.2327267880822
"722",722,33.1527176768651,37.7127716343254
"723",723,27.8685874881869,36.9813834066426
"724",724,23.618240854078,36.0923348209399
"725",725,20.2069559525927,35.090504576903
"726",726,17.4696020263143,34.0121828124121
"727",727,15.2707818258029,32.8860645068003
"728",728,13.5018301817379,31.7344667414739
"729",729,12.0767192815427,30.5745202384391
"730",730,10.9279072084838,29.4192318110634
"731",731,10.0026291249928,28.2783655447003
"732",732,9.25979265734972,27.1591618758851
"733",733,8.66746457486087,26.0669076666614
"734",734,8.20088763839981,25.0053831779228
"735",735,7.84093941407685,23.9772098716731
"736",736,7.57294668883665,22.9841202016909
"737",737,7.38578061576817,22.0271666199985
"738",738,7.27117093886197,21.1068836393156
"739",739,7.22319049947934,20.2234137662702
"740",740,7.23787136275286,19.376605857543
"741",741,7.3129266710809,18.5660917124679
"742",742,7.44755502047413,17.7913462796926
"743",743,7.64230554722011,17.0517364358204
"744",744,7.89900044854348,16.3465591620543
"745",745,8.22070374560514,15.6750723497566
"746",746,8.61172787651483,15.0365203065108
"747",747,9.07767512397082,14.4301550743736
"748",748,9.62551124198171,13.8552546994685
"749",749,10.2636693046277,13.31113939462
"750",750,11.002182600595,12.7971863932863
"751",751,11.8528457281698,12.3128442006829
"752",752,12.8294030000161,11.8576468992887
"753",753,13.9477628074039,11.4312291588178
"754",754,15.2262356051354,11.033342630497
"755",755,16.6857915058434,10.6638744749665
"756",756,18.3503308905819,10.3228688868927
"757",757,20.2469576408433,10.0105526449652
"758",758,22.4062391548202,9.72736594416114
"759",759,24.8624296676918,9.4740000723931
"760",760,27.653622817194,9.25144389405072
"761",761,30.8217849354749,9.06104162006003
"762",762,34.4126010173024,8.90456500128891
"763",763,38.4750392732795,8.78430390044435
"764",764,43.060505984002,8.70318018638084
"765",765,48.2214183611792,8.66489103249938
"766",766,54.0089680320734,8.67408889812534
"767",767,60.4697816434141,8.7366065010251
"768",768,67.6411154151153,8.85973538449126
"769",769,75.5441263957868,9.05256590040095
"770",770,84.1747548751909,9.32639049782661
"771",771,93.4917366607326,9.69516251265259
"772",772,103.401433178279,10.1759774539008
"773",773,113.739612852496,10.7895015697806
"774",774,124.251231707981,11.560195839904
"775",775,134.570909756114,12.516066145866
"776",776,144.209362906605,13.6875079591014
"777",777,152.554520144873,15.1046345451935
"778",778,158.899209741019,16.7923985472829
"779",779,162.508143920027,18.7630223169255
"780",780,162.730587024183,21.0060989505287
"781",781,159.148200317369,23.4783366825984
"782",782,151.719694874615,26.0970650389751
"783",783,140.864996909346,28.7423344177839
"784",784,127.431268975026,31.2709579558098
"785",785,112.533578808528,33.5401984754698
"786",786,97.3228201819604,35.4333763606293
"787",787,82.7717039703863,36.8779396991978
"788",788,69.5504593413097,37.850522237584
"789",789,58.0084122842335,38.3700595649585
"790",790,48.2310163212677,38.4843625469832
"791",791,40.1267240420335,38.2559199263881
"792",792,33.5087297064958,37.7505943261995
"793",793,28.1556071433232,37.0303283436972
"794",794,23.8488208651285,36.1494171049674
"795",795,20.3919924967376,35.1532752288705
"796",796,17.6181707994582,34.0786838647656
"797",797,15.3902326719816,32.9547613663643
"798",798,13.5980215140898,31.8041733202043
"799",799,12.1542663586333,30.6443324402529
"800",800,10.9904281687323,29.4884650236313
"801",801,10.0529464944782,28.3465074584045
"802",802,9.30010173227798,27.2258356676479
"803",803,8.69946881754365,26.131841229596
"804",804,8.22590575923758,25.0683844668234
"805",805,7.85998747989745,24.0381483095928
"806",806,7.58680090949367,23.0429123147001
"807",807,7.39502506487258,22.08376490588
"808",808,7.27623360302608,21.161267928004
"809",809,7.22437024405184,20.275584494467
"810",810,7.23535874054542,19.4265786281913
"811",811,7.30681760838786,18.6138933436397
"812",812,7.43785768065946,17.8370121446346
"813",813,7.62894953345414,17.0953071467655
"814",814,7.88184170347724,16.3880782726405
"815",815,8.19952368834756,15.714585030664
"816",816,8.58623159480403,15.0740719818878
"817",817,9.04748827393608,14.465790179263
"818",818,9.59017477013671,13.8890156428258
"819",819,10.222632363526,13.343065627438
"820",820,10.9547937508535,12.8273135388085
"821",821,11.798342460132,12.341203200846
"822",822,12.7668996418378,11.8842631399458
"823",823,13.8762369217869,11.4561215340656
"824",824,15.1445130419767,11.0565225019113
"825",825,16.5925304860818,10.6853444881681
"826",826,18.2440053133972,10.3426215835992
"827",827,20.1258410468231,10.0285688015615
"828",828,22.2683894804653,9.74361250329346
"829",829,24.7056772956173,9.48842764953022
"830",830,27.4755641574158,9.26398370259649
"831",831,30.6197847413999,9.07160162307002
"832",832,34.183808281959,8.91302509185618
"833",833,38.2164232353227,8.79050984631066
"834",834,42.7689210882901,8.70693600918834
"835",835,47.8937099819028,8.66594942021144
"836",836,53.642134417334,8.67213917720655
"837",837,60.0612118283724,8.73125964282618
"838",838,67.1889231168957,8.85050560228894
"839",839,75.0476213735431,9.03884813024988
"840",840,83.6350716677554,9.30743428398516
"841",841,92.9126465949523,9.67004286405563
"842",842,102.790353456925,10.143565944264
"843",843,113.108787827149,10.7484435810079
"844",844,123.618989178305,11.5089060653162
"845",845,133.962762168205,12.4527633672924
"846",846,143.658334847838,13.6103431107636
"847",847,152.100759840826,15.0118662862342
"848",848,158.586939310026,16.6828008717956
"849",849,162.380738863252,18.6363863808303
"850",850,162.822316469135,20.8638859683297
"851",851,159.474677576577,23.3242623513983
"852",852,152.27064887434,25.9372456130153
"853",853,141.601913157645,28.5848523427172
"854",854,128.293403844409,31.1246878110381
"855",855,113.450402239175,33.4132238687692
"856",856,98.2284222335871,35.3315752794153
"857",857,83.615365143317,36.804283037125
"858",858,70.3012162276849,37.8051054780233
"859",859,58.653464117987,38.3507859213075
"860",860,48.7710803834439,38.4878121805861
"861",861,40.5706914117956,38.2781448919658
"862",862,33.8692987343922,37.7876855300593
"863",863,28.4462920306135,37.0787492637189
"864",864,24.0823539404465,36.2061328498944
"865",865,20.5793463004004,35.2158110819203
"866",866,17.7685487188352,34.1450511579614
"867",867,15.5110996471359,33.0234001542875
"868",868,13.6953230626867,31.8738785364274
"869",869,12.2326931824587,30.7141829489946
"870",870,11.0536446507147,29.5577655550774
"871",871,10.103812275444,28.4147396548005
"872",872,9.34084285386782,27.2926170544553
"873",873,8.73181424505834,26.1968942610996
"874",874,8.2511951405017,25.1315127558755
"875",875,7.87924414896635,24.0992199820694
"876",876,7.60081856808224,23.1018399381305
"877",877,7.40440028260984,22.1404985956421
"878",878,7.28140325156919,21.2157860212472
"879",879,7.22564012022918,20.3278863252133
"880",880,7.23292418990107,19.4766792536637
"881",881,7.30077877070957,18.6618191338979
"882",882,7.42822987160151,17.8827975233447
"883",883,7.61566826817595,17.1389922357958
"884",884,7.8647654712487,16.4297068687156
"885",885,8.17843662026037,15.7542025151782
"886",886,8.56084231992974,15.1117239126607
"887",887,9.01742622636088,14.501521157218
"888",888,9.55498497375093,13.9228682791524
"889",889,10.1817684517512,13.3750796116049
"890",890,10.9076092514212,12.8575247645829
"891",891,11.7440804068487,12.3696429135149
"892",892,12.7046805680184,11.9109570638254
"893",893,13.805045336997,11.4810889411136
"894",894,15.0631825794784,11.0797751808568
"895",895,16.4997279449195,10.706885556416
"896",896,18.1382143706906,10.3624440921619
"897",897,20.0053457105806,10.0466540673794
"898",898,22.1312594099101,9.75992813659938
"899",899,24.5497558065813,9.50292508706925
"900",900,27.2984614579592,9.27659514193626
"901",901,30.4188799585759,9.08223621955067
"902",902,33.9562648646206,8.92156419842382
"903",903,37.9592241673156,8.79680103546047
"904",904,42.4789326358362,8.71078555364573
"905",905,47.5677856021129,8.66711283817199
"906",906,53.2772740372069,8.67030937859551
"907",907,59.6547958900281,8.72605216354713
"908",908,66.7390452544346,8.84144042361573
"909",909,74.5535475084203,9.02532772666868
"910",910,83.0978549166131,9.28871796400924
"911",911,92.3359232765743,9.64521839944625
"912",912,102.181330043027,10.1115213535337
"913",913,112.479399729118,10.7078444003867
"914",914,122.987117782384,11.4581912948718
"915",915,133.353308553123,12.3901783359365
"916",916,143.103973075034,13.5340173341089
"917",917,151.641022859028,14.9200649624014
"918",918,158.265852435385,16.5742538493708
"919",919,162.241753945899,18.5108142506454
"920",920,162.900319875902,20.7226370646331
"921",921,159.786799839556,23.1708728290735
"922",922,152.808517144339,25.7776682016913
"923",923,142.328807243766,28.4270737263853
"924",924,129.149630260954,30.9775776448513
"925",925,114.365610966044,33.284960674295
"926",926,99.1359778247597,35.2282127452751
"927",927,84.4634822942577,36.7289643908535
"928",928,71.0576857860612,37.7580883058253
"929",929,59.3045416686091,38.3300744289643
"930",930,49.3168652747818,38.4900363419612
"931",931,41.0197545707911,38.2993688160482
"932",932,34.2342289124205,37.8239863976436
"933",933,28.7406314714622,37.1265625529914
"934",934,24.3187961987663,36.2624115474946
"935",935,20.7690525813817,35.2780356675075
"936",936,17.9208134696059,34.2112084129522
"937",937,15.6334710927514,33.0919094504524
"938",938,13.7938257610294,31.9435164110608
"939",939,12.3120786009992,30.7840143701009
"940",940,11.1176350929253,29.6270834674763
"941",941,10.1553113689484,28.4830155790945
"942",942,9.38210994864447,27.3594611267452
"943",943,8.76460372741494,26.2620237455009
"944",944,8.27686549301551,25.1947274803239
"945",945,7.89884281159911,24.1603831544766
"946",946,7.61514666141537,23.1608633362268
"947",947,7.41406182336657,22.1973311359025
"948",948,7.28684245113887,21.2704048501614
"949",949,7.22716932245643,20.3802898863982
"950",950,7.23074450514992,19.5268818805336
"951",951,7.29499499720803,18.7098468046505
"952",952,7.41886084736714,17.928684516808
"953",953,7.60265356653175,17.1827784681686
"954",954,7.84796905338114,16.4714357579693
"955",955,8.15764791999155,15.7939192442943
"956",956,8.5357750714933,15.1494739970031
"957",957,8.98771526417054,14.5373492362259
"958",958,9.52018114991542,13.9568170693486
"959",959,10.1413317643413,13.4071889682898
"960",960,10.860900243778,12.8878308067629
"961",961,11.690349886462,12.3981771710183
"962",962,12.6430577039141,11.9377456075116
"963",963,13.7345242323304,11.5061514567809
"964",964,14.9826074882223,11.1031239448491
"965",965,16.4077774189524,10.7285242658671
"966",966,18.0333848014034,10.3823664949593
"967",967,19.8859349880951,10.0648423257598
"968",968,21.995351791078,9.7763508430778
"969",969,24.3952095971767,9.51753483121263
"970",970,27.1229018232192,9.28932550014733
"971",971,30.2197001413085,9.09299800617178
"972",972,33.7306403884087,8.93024077369362
"973",973,37.7041463256048,8.80324241302258
"974",974,42.1912698175482,8.71480098727374
"975",975,47.2443838780611,8.66846149641882
"976",976,52.9151119884635,8.66868864466722
"977",977,59.2512128527024,8.72108304361499
"978",978,66.2920667001902,8.83264954724963
"979",979,74.0623354137031,9.01212555050838
"980",980,82.5633130429288,9.27037317733091
"981",981,91.7614840811951,9.62082940973469
"982",982,101.573935793386,10.0799874839305
"983",983,111.850655605537,10.6678426290783
"984",984,122.354527776105,11.4081696635137
"985",985,132.741386644856,12.3283852974142
"986",986,142.544846921079,13.4585968429711
"987",987,151.17393097269,14.8292572197262
"988",988,157.934760025115,16.4667432749193
"989",989,162.090373772032,18.3862420831882
"990",990,162.964401123408,20.5822315185762
"991",991,160.08482295975,23.0180331364062
"992",992,153.333642046384,25.6182213736749
"993",993,143.045934500556,28.2689066019749
"994",994,130.0001836668,30.8295483068517
"995",995,115.27943783445,33.1553389416402
"996",996,100.045788575115,35.1232184692862
"997",997,85.3163823908837,36.6519189807917
"998",998,71.8202990448619,37.7094052837371
"999",999,59.9621301308585,38.3078677514854
"1000",1000,49.8688510480888,38.4909932296425
